season,week,day,kickoff_at,pred_result,team,opponent,home_away,pred_team_score,pred_opponent_score,pred_offense_first_downs,pred_offense_total_yards,pred_offense_passing_yards,pred_offense_rushing_yards,pred_offense_turnovers,pred_defense_first_downs_allowed,pred_defense_total_yards_allowed,pred_defense_passing_yards_allowed,pred_defense_rushing_yards_allowed,pred_defense_turnovers_forced,pred_expected_points_offense,pred_expected_points_defense,pred_expected_points_special_teams
2025,10.0,Sun,2025-11-09 09:30:00,L,ATL,Indianapolis Colts,@,20.520084,26.004196,19.100737,319.32388,217.04193,103.9418,2.1075459,20.158905,352.5132,239.49089,119.87126,1.6674049,-2.473309,-3.5717702,0.44688234
2025,10.0,Sun,2025-11-09 09:30:00,W,CLT,Atlanta Falcons,,25.259268,19.781698,20.40681,351.78177,228.26471,117.976364,1.5988009,19.323923,322.2945,217.88666,103.429375,1.9594333,3.1632018,1.8315191,-0.6551895
2025,10.0,Sun,2025-11-09 13:00:00,W,BUF,Miami Dolphins,@,24.627634,20.827831,19.180689,329.50458,213.48859,118.66343,1.7285708,17.641108,300.71817,194.0538,112.894516,1.8104638,0.06027199,6.497629,-1.798958
2025,10.0,Sun,2025-11-09 13:00:00,W,CAR,New Orleans Saints,,22.696024,20.123787,19.495865,334.77487,210.78195,131.18604,1.7568139,17.780548,316.11716,204.36826,111.40974,1.759426,1.5358154,2.5325036,-0.33943754
2025,10.0,Sun,2025-11-09 13:00:00,W,CHI,New York Giants,,26.762434,20.756042,20.69757,376.0767,233.00964,141.45218,1.8522968,19.417646,330.44247,219.81955,113.1563,1.8412254,4.5157294,-0.2589248,-0.43421248
2025,10.0,Sun,2025-11-09 13:00:00,L,CLE,New York Jets,@,19.956038,21.079287,17.372366,298.96133,192.99641,116.44089,1.7903991,19.343826,324.63666,193.18251,126.23071,1.7511688,-2.608486,0.68101406,0.14747153
2025,10.0,Sun,2025-11-09 13:00:00,W,HTX,Jacksonville Jaguars,,22.446619,21.830511,19.723642,325.76886,226.66196,105.43923,1.7160856,19.597782,330.15112,214.95468,113.41508,1.7686088,1.0186386,-0.322177,0.08320005
2025,10.0,Sun,2025-11-09 13:00:00,W,JAX,Houston Texans,@,22.180922,22.01196,19.208849,332.25873,221.47638,111.088905,1.693177,19.128677,325.5877,225.47084,104.60645,1.7758921,-0.75775486,-1.4561725,0.030266758
2025,10.0,Sun,2025-11-09 13:00:00,L,MIA,Buffalo Bills,,20.92705,24.470102,18.522556,305.58514,201.45418,117.64484,1.793526,19.353222,323.67355,206.35469,123.92994,1.7054518,-3.769651,-1.3020867,1.9567391
2025,10.0,Sun,2025-11-09 13:00:00,L,MIN,Baltimore Ravens,,20.639198,24.186106,19.379572,321.58325,220.0141,106.38109,1.777259,19.81948,342.71494,224.17885,131.23492,1.5356147,0.378761,-2.3995209,0.034930315
2025,10.0,Sun,2025-11-09 13:00:00,L,NOR,Carolina Panthers,@,21.31659,22.22598,18.478064,314.54303,200.9858,111.69474,1.6876348,19.272915,337.38712,200.27617,130.71451,1.8235167,-3.0457819,-1.9627212,0.9539452
2025,10.0,Sun,2025-11-09 13:00:00,W,NWE,Tampa Bay Buccaneers,@,24.39555,20.466227,20.305847,342.94006,228.05804,116.7547,1.7987217,19.45354,336.57098,236.59897,100.31936,1.8095379,2.7793863,0.28740168,0.08457637
2025,10.0,Sun,2025-11-09 13:00:00,L,NYG,Chicago Bears,@,22.835394,26.027105,19.798075,333.2751,220.64136,113.93529,1.8225578,20.629196,363.91998,234.29561,133.11075,1.8265787,0.47062656,-3.5516827,0.45246318
2025,10.0,Sun,2025-11-09 13:00:00,W,NYJ,Cleveland Browns,,20.788841,19.340187,18.685978,316.19885,197.76051,122.41291,1.8373988,17.676538,319.4635,200.36058,118.72414,1.7681314,-0.2867364,2.0861778,-0.34693196
2025,10.0,Sun,2025-11-09 13:00:00,W,RAV,Minnesota Vikings,@,23.761084,22.10558,19.974405,335.93594,217.71094,129.5131,1.6679553,19.562927,326.85907,223.71884,107.00568,1.8228862,1.8832455,0.51986265,-0.4101575
2025,10.0,Sun,2025-11-09 13:00:00,L,TAM,New England Patriots,,20.778551,24.484556,19.03708,332.00668,226.99744,96.7802,1.859382,20.098167,343.50882,229.51514,118.233025,1.7758267,-0.7338085,-2.687715,0.49229673
2025,10.0,Sun,2025-11-09 16:05:00,L,CRD,Seattle Seahawks,@,21.871231,23.56009,19.988358,352.03622,230.39377,112.29723,1.759561,19.82095,339.99094,227.65138,111.73056,1.7062515,2.4899526,-2.54663,-0.35120085
2025,10.0,Sun,2025-11-09 16:05:00,W,SEA,Arizona Cardinals,,22.893555,22.057888,20.118364,346.0984,230.62413,115.19381,1.6617658,20.037258,349.95966,228.3909,109.88606,1.8928329,2.2297697,-1.9999765,0.3982676
2025,10.0,Sun,2025-11-09 16:25:00,W,DET,Washington Commanders,@,22.50522,20.928286,20.389246,342.25156,220.51595,113.115616,1.6550955,19.33184,323.117,205.86522,115.126076,1.847989,2.3005984,-1.4539893,0.34302464
2025,10.0,Sun,2025-11-09 16:25:00,W,RAM,San Francisco 49ers,@,23.384289,21.890484,19.482664,335.13187,222.15526,108.42702,1.8523277,19.907982,332.63638,222.53456,111.822815,1.6694938,1.3679512,-0.3907347,0.21499377
2025,10.0,Sun,2025-11-09 16:25:00,W,SFO,Los Angeles Rams,,21.84118,21.577972,19.688553,330.8864,213.46892,113.70646,1.721,19.720406,330.67307,224.9037,108.45205,1.6807848,1.0793533,-0.51936567,0.30530652
2025,10.0,Sun,2025-11-09 16:25:00,L,WAS,Detroit Lions,,18.990707,23.145227,19.144762,310.70828,192.53,110.31542,1.8450464,20.139454,336.62515,223.08908,113.61463,1.6789994,-0.8804141,-1.756622,0.021941168
2025,10.0,Sun,2025-11-09 20:20:00,L,PIT,Los Angeles Chargers,@,21.379711,25.173649,19.100151,333.53323,215.72722,113.19472,1.8757778,21.384619,366.1659,235.37889,122.54123,1.8299057,-0.44024736,-4.602572,0.23434454
2025,10.0,Sun,2025-11-09 20:20:00,W,SDG,Pittsburgh Steelers,,25.082708,21.7336,20.972422,362.04147,242.47464,126.18444,1.817056,19.111017,328.59824,225.3307,110.16561,1.8489798,4.463697,-0.60090894,-0.6113611
2025,10.0,Mon,2025-11-10 20:15:00,W,GNB,Philadelphia Eagles,,23.252499,22.26815,19.660503,341.11572,214.04004,109.3376,1.6353029,19.755785,349.32324,221.534,120.09544,1.631947,2.6469786,-2.5437205,-0.12640862
2025,10.0,Mon,2025-11-10 20:15:00,W,PHI,Green Bay Packers,@,23.79279,21.385603,19.736015,339.14612,218.54446,117.32208,1.6171074,19.944237,333.0756,220.7573,111.069534,1.6985286,3.9545121,-1.4264191,0.16109957
2025,11.0,Thu,2025-11-13 20:15:00,W,NWE,New York Jets,,24.131271,21.723507,20.151619,338.25345,224.2175,122.268265,1.6987165,18.76745,328.01947,213.82797,117.440186,1.8752795,3.5357435,-0.03891864,0.018958885
2025,11.0,Thu,2025-11-13 20:15:00,L,NYJ,New England Patriots,@,22.370785,24.445513,18.976032,332.44623,211.97516,115.54822,2.0455213,20.10646,344.97452,222.3121,118.52964,1.6402262,-1.0956415,-2.5041318,0.07758365
2025,11.0,Sun,2025-11-16 09:30:00,W,MIA,Washington Commanders,,24.336622,20.887136,20.57954,349.8726,229.1051,116.20785,1.5816702,19.309395,324.37048,209.27937,119.3893,1.8129737,2.7542403,-1.0077591,0.33243918
2025,11.0,Sun,2025-11-16 09:30:00,L,WAS,Miami Dolphins,@,20.099182,24.38637,19.246403,315.00653,205.6401,110.767265,1.7427814,20.588924,344.0925,227.37096,116.87391,1.7171413,-0.9179829,-2.9771,0.6032201
2025,11.0,Sun,2025-11-16 13:00:00,W,ATL,Carolina Panthers,,22.884474,21.960032,19.746351,341.8574,208.56165,119.06128,1.7696029,19.563725,327.47513,198.13173,133.0213,1.7847391,2.3780892,-1.3801453,-0.10408144
2025,11.0,Sun,2025-11-16 13:00:00,W,BUF,Tampa Bay Buccaneers,,25.51554,21.4116,20.444344,360.72455,232.5846,126.4889,1.83495,19.069956,325.8489,218.6604,107.74831,1.9664321,3.5559208,1.2673366,-1.2182305
2025,11.0,Sun,2025-11-16 13:00:00,L,CAR,Atlanta Falcons,@,22.00519,22.12475,19.460735,325.30518,203.17932,130.44025,1.8045971,20.031584,343.4279,214.168,116.0381,1.8000258,0.9350465,-2.380592,0.47157836
2025,11.0,Sun,2025-11-16 13:00:00,W,CHI,Minnesota Vikings,@,25.205072,20.79311,20.636082,352.02878,219.36758,131.06218,1.822986,20.284828,329.72787,228.21971,121.39133,2.213488,3.3511455,-0.0797978,-0.27472734
2025,11.0,Sun,2025-11-16 13:00:00,W,CIN,Pittsburgh Steelers,@,22.90171,21.147488,20.541681,354.9428,234.0727,124.69621,2.0270321,20.192654,337.6588,229.37852,129.48291,2.11093,1.9457178,-1.6165481,-0.05416236
2025,11.0,Sun,2025-11-16 13:00:00,W,GNB,New York Giants,@,24.701714,22.181694,20.52983,336.881,234.33748,121.868004,1.9160137,19.615763,332.4718,199.50363,116.72337,1.8945556,4.235081,0.22126314,-0.27155003
2025,11.0,Sun,2025-11-16 13:00:00,W,HTX,Tennessee Titans,@,24.092281,19.784533,19.803978,335.69708,224.8831,121.851425,1.674552,17.543169,296.62088,191.6539,101.021065,1.8788561,2.0079088,2.0593922,-0.6684238
2025,11.0,Sun,2025-11-16 13:00:00,L,JAX,Los Angeles Chargers,,22.125546,23.249624,19.35279,331.66714,218.84526,111.975525,1.9984598,19.766369,344.0709,221.61269,126.877335,1.8714002,0.21729413,-0.9901807,0.06234897
2025,11.0,Sun,2025-11-16 13:00:00,L,MIN,Chicago Bears,,20.949306,23.064312,19.860613,332.9138,222.47406,117.609474,1.9313269,20.268032,349.1345,216.962,137.03654,1.8721098,0.25120804,-2.6778755,-0.3413065
2025,11.0,Sun,2025-11-16 13:00:00,L,NYG,Green Bay Packers,,21.04554,24.257534,19.084152,320.0758,204.79622,119.198654,1.9225063,20.439247,343.23578,230.92555,124.97479,1.7227484,-0.38612086,-3.747828,0.28623837
2025,11.0,Sun,2025-11-16 13:00:00,L,OTI,Houston Texans,,18.693182,25.440874,18.062437,299.36493,196.36807,104.529045,1.9534644,19.861235,341.65448,223.50027,122.916885,1.6298454,-4.0568542,-2.5848377,0.72079396
2025,11.0,Sun,2025-11-16 13:00:00,W,PIT,Cincinnati Bengals,,21.944233,21.48945,20.421879,345.7986,223.31848,126.221405,2.1838264,20.619856,345.705,219.28525,121.9801,2.1131098,1.4596089,-1.022963,0.1269524
2025,11.0,Sun,2025-11-16 13:00:00,W,SDG,Jacksonville Jaguars,@,24.02712,22.32663,20.530386,347.23544,230.75603,111.54502,1.9896529,19.394459,339.56406,217.45352,114.69576,2.0680645,1.034658,-0.29187912,0.06421392
2025,11.0,Sun,2025-11-16 13:00:00,L,TAM,Buffalo Bills,@,21.815899,25.682194,19.310146,319.87918,213.56377,110.129036,1.982415,20.6007,353.8915,225.34094,128.49661,1.8600787,-3.4647105,-3.8221316,1.6867466
2025,11.0,Sun,2025-11-16 16:05:00,W,CRD,San Francisco 49ers,,22.365023,21.880533,20.176588,346.37744,234.72037,114.610245,1.8313293,19.950176,343.75208,227.42538,113.46127,1.8855426,1.8267249,-2.622551,-0.101942405
2025,11.0,Sun,2025-11-16 16:05:00,W,RAM,Seattle Seahawks,,23.595371,21.061083,20.880882,352.8473,249.26657,110.06043,1.8370714,18.900078,326.5753,224.6644,108.08154,1.7339046,3.1322386,-0.33526507,0.2412984
2025,11.0,Sun,2025-11-16 16:05:00,W,SEA,Los Angeles Rams,@,22.493887,21.712635,19.99802,341.88654,235.2491,108.57827,1.7024325,19.586872,326.33093,223.7533,106.19251,1.6965251,1.8794522,-0.41715148,-0.38920888
2025,11.0,Sun,2025-11-16 16:05:00,L,SFO,Arizona Cardinals,@,22.088413,22.831076,20.060019,345.82245,222.65958,113.51089,1.8250474,20.051804,346.4304,230.17412,112.748,1.7686799,1.7219924,-1.9195505,0.26582465
2025,11.0,Sun,2025-11-16 16:25:00,L,CLE,Baltimore Ravens,,20.017471,25.39139,18.261267,327.43466,212.25197,104.658646,1.8797226,20.249708,362.51288,217.42282,136.79214,1.7425013,-1.1818416,-3.235443,0.41979828
2025,11.0,Sun,2025-11-16 16:25:00,L,DEN,Kansas City Chiefs,,24.097939,24.492178,19.021921,322.05518,211.29236,113.177315,1.8486575,19.794052,344.69864,228.26677,117.10288,1.9449356,0.9143635,-3.025804,0.52257663
2025,11.0,Sun,2025-11-16 16:25:00,W,KAN,Denver Broncos,@,25.45438,24.564178,20.279602,346.35632,230.57812,116.970474,1.8387188,18.856833,328.99963,219.73572,113.39762,1.7572378,3.745089,-0.46822238,-0.15651071
2025,11.0,Sun,2025-11-16 16:25:00,W,RAV,Cleveland Browns,@,25.236185,20.214647,20.187424,353.2668,219.34679,134.30777,1.6984782,17.969475,331.185,214.1413,109.027275,1.9529848,3.054623,1.4083811,-0.17518686
2025,11.0,Sun,2025-11-16 20:20:00,L,DET,Philadelphia Eagles,@,21.022835,25.059294,19.04946,333.66147,218.4456,110.95582,1.7879958,19.84409,333.51965,224.04582,123.45291,1.6725767,-0.6518825,-1.1404561,-0.26322034
2025,11.0,Sun,2025-11-16 20:20:00,W,PHI,Detroit Lions,,23.875534,22.120827,19.762701,337.1315,220.6986,122.20823,1.6860921,18.951424,330.81558,218.63736,107.42307,1.8538817,1.9957839,1.0032576,0.2876341
2025,11.0,Mon,2025-11-17 20:15:00,W,DAL,Las Vegas Raiders,@,23.553246,21.415636,20.344824,340.42047,222.12769,126.320114,1.7746996,19.612518,341.7465,215.99158,120.60223,1.8894103,2.7645159,-1.2436466,0.2517553
2025,11.0,Mon,2025-11-17 20:15:00,L,RAI,Dallas Cowboys,,21.697737,23.927347,19.105042,333.26044,210.5714,120.840385,1.9879271,20.31627,342.36612,228.30188,124.026955,1.7434616,0.2237186,-3.2529392,0.3650646
2025,12.0,Thu,2025-11-20 20:15:00,W,BUF,Houston Texans,@,24.72086,18.925035,20.370945,355.65115,235.59929,123.9638,1.8121852,17.774302,284.5594,189.14178,102.41192,2.0142746,4.2054715,4.000744,-1.2535843
2025,12.0,Thu,2025-11-20 20:15:00,L,HTX,Buffalo Bills,,19.401575,24.622065,18.092396,289.92053,189.67413,106.482185,1.9780654,20.363039,350.02988,228.45055,127.05374,1.8670214,-4.76531,-4.3752027,1.2444943
2025,12.0,Sun,2025-11-23 13:00:00,W,CHI,Pittsburgh Steelers,,23.552929,22.397833,21.453178,368.53473,243.7629,130.12424,2.2294486,19.390665,341.25565,231.3005,121.63131,1.9333194,4.2544904,-0.91531295,0.016812183
2025,12.0,Sun,2025-11-23 13:00:00,L,CIN,New England Patriots,,21.08715,22.80642,20.862556,333.48184,230.91269,113.371956,2.1320083,20.393637,347.6465,226.66515,125.9758,1.8094062,-0.09001748,-2.808605,0.26404884
2025,12.0,Sun,2025-11-23 13:00:00,W,CLT,Kansas City Chiefs,@,23.236998,22.402308,20.246937,346.4546,230.43964,112.20291,1.7454331,19.751104,333.08676,222.11232,107.460785,1.8239398,2.3733072,-0.75343066,0.036350973
2025,12.0,Sun,2025-11-23 13:00:00,W,DET,New York Giants,,23.618568,22.033913,19.618406,343.5296,226.74591,114.9428,1.8188279,19.337368,339.13843,213.71065,119.51548,1.7690611,2.3722677,0.03287664,-0.09199385
2025,12.0,Sun,2025-11-23 13:00:00,L,GNB,Minnesota Vikings,,22.331903,22.837572,19.04086,333.6961,229.3643,107.92165,1.8363941,19.237728,335.14062,209.93686,119.90314,1.765459,-0.10936027,-0.112542056,0.12087029
2025,12.0,Sun,2025-11-23 13:00:00,L,KAN,Indianapolis Colts,,22.577038,22.868286,19.479082,332.46738,220.07056,107.26835,1.8386285,19.972366,350.78708,232.20053,108.06452,1.7157015,1.3670055,-2.2757268,0.07603261
2025,12.0,Sun,2025-11-23 13:00:00,L,MIN,Green Bay Packers,@,22.662035,22.670975,19.481987,330.53647,202.92685,125.16231,1.8355354,19.097288,330.21985,222.66591,102.340744,1.8079834,0.44903424,0.08068511,0.33942276
2025,12.0,Sun,2025-11-23 13:00:00,W,NWE,Cincinnati Bengals,@,24.023222,20.095573,20.487024,348.86313,219.08739,134.20671,1.7724041,20.618963,336.1726,227.41487,108.95703,2.220428,3.7252874,0.55251694,-0.59168094
2025,12.0,Sun,2025-11-23 13:00:00,L,NYG,Detroit Lions,@,21.42628,22.4497,19.91582,338.497,210.15778,119.570885,1.7510782,19.989573,331.85025,224.12857,113.037834,1.8256997,0.008622718,-2.0062647,0.20648351
2025,12.0,Sun,2025-11-23 13:00:00,L,NYJ,Baltimore Ravens,@,22.833738,24.671598,20.46124,352.8611,227.03255,126.48404,2.0637023,19.309752,341.84546,216.25694,125.686676,1.7502092,1.345952,-2.6374955,-0.1265849
2025,12.0,Sun,2025-11-23 13:00:00,L,OTI,Seattle Seahawks,,20.909872,24.434555,18.96072,328.6662,208.34421,121.85511,2.0904684,19.6654,336.55444,225.9471,112.3381,2.0547621,-2.7525325,-2.1880248,0.4972461
2025,12.0,Sun,2025-11-23 13:00:00,L,PIT,Chicago Bears,@,22.513062,25.042122,19.833054,341.2074,223.8035,123.19396,1.9232208,21.189785,361.27277,242.81316,126.24529,2.2910478,1.3854961,-2.2782223,-0.086622186
2025,12.0,Sun,2025-11-23 13:00:00,W,RAV,New York Jets,,24.319529,22.816196,19.383533,329.86612,216.52057,120.58194,1.8221169,20.417892,343.7332,223.53978,122.90979,2.0958998,2.8059657,-0.13253194,-0.11890152
2025,12.0,Sun,2025-11-23 13:00:00,W,SEA,Tennessee Titans,@,24.74025,21.395601,19.607792,338.10178,230.13617,110.400154,2.0630782,19.307781,327.80365,213.97008,120.16348,2.1822126,1.8232034,0.7373438,-0.78832155
2025,12.0,Sun,2025-11-23 16:05:00,L,CLE,Las Vegas Raiders,@,20.75505,24.83285,17.882343,318.49478,204.78197,122.03412,1.8555762,20.53416,345.80823,227.88577,114.78281,1.8546441,-0.3815517,-2.8353136,1.1776627
2025,12.0,Sun,2025-11-23 16:05:00,L,CRD,Jacksonville Jaguars,,22.312737,26.43668,19.177767,342.01486,233.94356,102.287254,1.7560977,21.14272,363.91574,229.48088,130.88309,1.8007126,0.89073396,-4.6189485,0.17218842
2025,12.0,Sun,2025-11-23 16:05:00,W,JAX,Arizona Cardinals,@,25.819454,21.966745,21.290554,368.15506,234.0989,129.97511,1.8265057,19.407001,347.53174,232.9652,102.51948,1.6622332,4.9536185,-1.2378815,-0.18747118
2025,12.0,Sun,2025-11-23 16:05:00,W,RAI,Cleveland Browns,,24.236639,21.663485,20.672123,356.21964,227.56752,118.827034,1.8681048,18.612589,319.14975,211.4885,124.36343,1.9812318,1.88689,-0.8461672,-1.3294369
2025,12.0,Sun,2025-11-23 16:25:00,W,ATL,New Orleans Saints,@,22.615335,21.303745,20.048939,339.61273,226.75151,112.94227,1.7589928,18.197569,307.31766,194.74884,109.161674,1.6402218,1.1803297,1.21407,-0.31801102
2025,12.0,Sun,2025-11-23 16:25:00,L,DAL,Philadelphia Eagles,,21.09071,24.365881,19.396034,328.17215,217.16551,113.536064,1.8910314,20.144604,354.0491,214.15987,128.62677,1.9233097,0.5169584,-1.3422511,-0.54637784
2025,12.0,Sun,2025-11-23 16:25:00,L,NOR,Atlanta Falcons,,21.626898,23.128136,18.532114,311.69458,194.38225,114.0714,1.6391715,20.06289,334.84436,224.29277,113.553375,1.7815764,0.81825686,-1.8312758,0.9634729
2025,12.0,Sun,2025-11-23 16:25:00,W,PHI,Dallas Cowboys,@,24.55337,21.042171,20.38813,353.59528,210.3975,124.95504,1.9194093,19.38159,328.10687,215.64119,112.3804,1.9411612,2.0071733,-0.6014709,0.35486513
2025,12.0,Sun,2025-11-23 20:20:00,W,RAM,Tampa Bay Buccaneers,,23.791866,20.740673,21.398222,368.56662,250.63165,117.87002,1.8977405,18.88284,321.1319,221.27907,103.5568,1.8043264,4.3279448,0.18347749,-0.19455633
2025,12.0,Sun,2025-11-23 20:20:00,L,TAM,Los Angeles Rams,@,21.062254,22.28497,18.882992,316.84137,199.52103,112.618675,1.7956687,20.253181,345.1579,225.78938,122.07338,1.7830784,-1.410192,-1.5751345,1.3757486
2025,12.0,Mon,2025-11-24 20:15:00,L,CAR,San Francisco 49ers,@,21.289263,24.223747,19.453453,331.96655,207.86638,125.54461,1.9656457,20.376616,358.2755,228.39395,137.78972,1.7105383,-0.5816182,-3.573947,2.4221895
2025,12.0,Mon,2025-11-24 20:15:00,W,SFO,Carolina Panthers,,23.77591,21.037756,20.664,345.57104,215.32686,137.16129,1.8229314,19.601664,345.69595,206.48212,123.05704,1.9694135,3.7055209,-0.17562416,-2.7738707
2025,13.0,Thu,2025-11-27 13:00:00,W,DET,Green Bay Packers,,23.459728,21.667555,20.485094,352.91458,226.18839,120.61791,1.6681049,19.965313,343.66367,222.8704,112.43423,1.7048254,3.0918975,-1.7273629,-0.043508198
2025,13.0,Thu,2025-11-27 13:00:00,L,GNB,Detroit Lions,@,21.988743,22.607187,20.088802,339.09634,226.09096,113.83061,1.7010267,20.076836,353.38586,226.12154,118.305786,1.7122474,2.279999,-3.002819,0.08986677
2025,13.0,Thu,2025-11-27 16:30:00,W,DAL,Kansas City Chiefs,,23.21557,21.949434,19.574896,336.8521,221.8688,134.55348,1.5302131,20.153513,342.09787,226.51483,110.6107,1.9009595,2.4899175,-3.9196799,-0.09131144
2025,13.0,Thu,2025-11-27 16:30:00,L,KAN,Dallas Cowboys,@,21.644165,23.480465,20.215933,349.5142,233.32079,113.98899,1.8862126,20.129416,343.68402,219.09456,127.51384,1.4672554,3.1161218,-2.7607388,0.028869502
2025,13.0,Thu,2025-11-27 20:20:00,L,CIN,Baltimore Ravens,@,20.52016,24.51347,21.694145,352.94427,248.59549,108.447685,2.1663003,20.743542,358.2896,226.96205,129.9399,1.7718787,1.5572954,-3.2235825,0.15149193
2025,13.0,Thu,2025-11-27 20:20:00,W,RAV,Cincinnati Bengals,,23.816055,20.08906,20.798243,350.2276,232.13028,129.02141,1.8046832,21.016563,342.3672,235.31297,106.608696,2.2121396,4.4296956,-0.60099137,0.03499247
2025,13.0,Fri,2025-11-28 15:00:00,L,CHI,Philadelphia Eagles,@,21.01997,22.96994,19.003817,327.55148,203.12332,115.08924,1.9132988,20.020203,349.7233,226.38147,120.76495,1.7113364,-0.3172957,-2.4887323,-0.06549349
2025,13.0,Fri,2025-11-28 15:00:00,W,PHI,Chicago Bears,,23.094992,20.328123,20.179731,345.87918,216.82402,122.161995,1.7109319,19.253914,325.68494,203.57964,115.42666,1.8254511,3.2823706,0.17375353,-0.08618833
2025,13.0,Sun,2025-11-30 13:00:00,W,ATL,New York Jets,@,22.05807,20.68758,19.499973,332.44263,211.9438,118.89925,1.6893342,19.199839,328.11288,215.3414,111.61396,1.7140155,0.9818029,0.34670803,-0.6318218
2025,13.0,Sun,2025-11-30 13:00:00,L,CAR,Los Angeles Rams,,20.226227,21.687696,18.860743,322.6042,202.24171,111.18727,1.6971267,19.56701,335.37595,223.57712,110.38693,1.6903512,-1.0270694,-0.8938762,0.3861892
2025,13.0,Sun,2025-11-30 13:00:00,L,CLE,San Francisco 49ers,,21.534945,23.077007,19.262936,327.00766,215.77548,111.69953,1.7144508,20.085716,353.22577,232.54008,118.66116,1.6645918,0.38760564,-2.9148047,0.28038326
2025,13.0,Sun,2025-11-30 13:00:00,W,CLT,Houston Texans,,22.367077,20.756357,20.301497,332.50214,230.25392,119.607216,1.7701795,19.081402,330.66785,221.83597,105.92506,1.7580498,1.4181763,0.63373756,-0.148306
2025,13.0,Sun,2025-11-30 13:00:00,L,CRD,Tampa Bay Buccaneers,@,22.045223,22.134474,19.741323,340.8564,217.74348,112.55376,1.6970351,19.989122,344.28275,234.93663,110.91405,1.6456238,1.0908443,-2.0670342,0.14700809
2025,13.0,Sun,2025-11-30 13:00:00,L,HTX,Indianapolis Colts,@,20.75125,22.970406,18.996834,331.37738,222.05698,108.317474,1.8194324,20.205585,332.00345,231.89648,110.71014,1.7675378,-1.2946612,-0.67751837,0.5930566
2025,13.0,Sun,2025-11-30 13:00:00,W,JAX,Tennessee Titans,@,23.351776,19.112156,19.366869,327.84726,218.95018,117.48889,1.6635928,17.86333,311.44858,209.19432,110.047455,1.9433426,1.9368439,3.3070362,-0.6832727
2025,13.0,Sun,2025-11-30 13:00:00,W,MIA,New Orleans Saints,,23.207794,21.869812,19.205595,337.48462,214.76782,122.91196,1.7844921,18.510366,311.80008,214.25888,116.68032,2.0518436,2.284137,0.31962553,-0.7498105
2025,13.0,Sun,2025-11-30 13:00:00,L,NOR,Miami Dolphins,@,21.184439,23.339283,17.87482,316.3198,198.87624,120.32002,1.987449,19.437416,341.69815,214.11246,123.237564,1.8430083,-0.5351983,-3.2649302,0.46623713
2025,13.0,Sun,2025-11-30 13:00:00,L,NYJ,Atlanta Falcons,,20.907604,21.647371,19.292574,327.12747,205.12253,114.58617,1.7404288,19.570137,331.2257,211.04361,123.022964,1.6830536,-0.40183985,-1.4135125,0.33949643
2025,13.0,Sun,2025-11-30 13:00:00,L,OTI,Jacksonville Jaguars,,18.973454,23.694345,18.163021,311.93753,198.26949,110.68111,1.8647273,19.828142,335.06873,215.91063,119.1409,1.6590223,-3.5552661,-2.4417856,1.459181
2025,13.0,Sun,2025-11-30 13:00:00,W,RAM,Carolina Panthers,@,21.81846,21.570906,19.798462,333.46362,228.92381,108.05773,1.695325,19.58875,329.35947,222.90305,108.785614,1.6866372,0.33899358,-0.043278236,-0.36200026
2025,13.0,Sun,2025-11-30 13:00:00,W,SFO,Cleveland Browns,@,23.03668,21.042614,20.212318,350.40756,233.72156,114.12996,1.6637284,19.391655,329.45505,213.85315,117.7733,1.6982536,2.7354372,-0.38147742,-0.32797638
2025,13.0,Sun,2025-11-30 13:00:00,W,TAM,Arizona Cardinals,,22.929903,21.519981,20.240013,346.4822,237.2395,113.346565,1.6721835,19.763529,337.79565,223.2196,111.88419,1.7452613,1.6571763,-1.0797772,-0.07661607
2025,13.0,Sun,2025-11-30 16:05:00,W,MIN,Seattle Seahawks,@,22.33145,22.245634,20.051292,346.59845,235.26836,114.54793,1.6244893,19.84168,340.04968,232.17598,110.91794,1.6914133,1.5081531,-2.0566921,-0.13993473
2025,13.0,Sun,2025-11-30 16:05:00,W,SEA,Minnesota Vikings,,22.701822,21.807283,20.047537,344.2766,231.55672,109.85338,1.627096,20.055695,338.67294,230.73848,112.14593,1.6251657,1.5107613,-1.4570153,0.12789027
2025,13.0,Sun,2025-11-30 16:25:00,W,BUF,Pittsburgh Steelers,@,22.71602,20.637455,20.374098,346.91586,235.06264,116.768425,1.6825235,19.683458,331.634,223.69576,110.59909,1.8007149,2.9679594,0.19284216,-0.4198161
2025,13.0,Sun,2025-11-30 16:25:00,L,PIT,Buffalo Bills,,20.792637,22.707602,19.302998,328.32462,218.31883,109.4201,1.7941563,20.375387,351.55597,230.69623,119.85258,1.7182628,-0.16064145,-2.5646818,0.21134956
2025,13.0,Sun,2025-11-30 16:25:00,L,RAI,Los Angeles Chargers,@,21.394732,22.218243,19.415064,333.39862,210.8068,108.73192,1.8586966,19.56621,339.887,216.09883,122.04155,1.8183962,1.1598046,0.49225384,0.021685291
2025,13.0,Sun,2025-11-30 16:25:00,W,SDG,Las Vegas Raiders,,22.11349,20.812553,19.774084,338.06863,220.70094,115.990654,1.8229144,19.506838,330.51083,215.18799,109.72163,1.8309989,0.25600982,-0.03484525,-0.16018817
2025,13.0,Sun,2025-11-30 20:20:00,L,DEN,Washington Commanders,@,21.481462,21.763618,19.65211,333.83142,214.77339,114.15619,1.8584676,20.325283,339.2166,211.75725,131.70792,1.8764182,-0.015908815,-1.3530596,0.520165
2025,13.0,Sun,2025-11-30 20:20:00,W,WAS,Denver Broncos,,22.401981,21.70036,19.578564,331.8565,198.32065,123.72777,1.8805093,19.532042,333.1438,214.09102,111.20357,1.832331,0.8472088,-0.08078826,-0.2015253
2025,13.0,Mon,2025-12-01 20:15:00,W,NWE,New York Giants,,21.945154,20.921522,19.627459,330.30457,214.66347,116.44268,1.7314271,19.1629,326.7516,212.61337,110.30167,1.74771,0.069295794,-0.12961802,0.13952014
2025,13.0,Mon,2025-12-01 20:15:00,W,NYG,New England Patriots,@,21.361902,21.253233,19.323225,328.31238,206.5167,109.91045,1.675729,19.316206,335.46463,217.54245,111.06443,1.729082,-0.014662542,-0.6172862,-0.22102998
2025,14.0,Thu,2025-12-04 20:15:00,L,DAL,Detroit Lions,@,21.184053,21.828268,19.637842,336.43274,221.67422,105.32577,1.6434182,20.228071,349.16208,223.4518,123.18144,1.7478691,1.1120387,-2.6348884,-0.046916272
2025,14.0,Thu,2025-12-04 20:15:00,W,DET,Dallas Cowboys,,22.364176,21.002214,20.218737,347.591,223.00618,122.31165,1.6675853,19.672401,337.3007,225.95558,111.35969,1.6529424,1.818057,-1.4528652,-0.016922323
2025,14.0,Sun,2025-12-07 13:00:00,L,ATL,Seattle Seahawks,,21.462193,22.400326,19.547987,328.57077,212.92612,122.58294,1.6613733,19.79397,342.75235,230.92743,112.58279,1.7010181,0.44111398,-2.1265106,-0.2825422
2025,14.0,Sun,2025-12-07 13:00:00,L,CHI,Green Bay Packers,@,20.796679,22.706753,19.173176,326.14307,198.27196,118.40408,1.794736,19.880688,347.21704,230.74257,117.12769,1.7097075,-1.0837623,-2.0307126,0.41117793
2025,14.0,Sun,2025-12-07 13:00:00,W,CLE,Tennessee Titans,,22.144802,21.0595,19.514904,327.48837,216.92345,116.9603,1.6528913,19.253695,328.53345,212.09471,113.69861,1.7262893,0.8023972,0.22856596,-0.14801894
2025,14.0,Sun,2025-12-07 13:00:00,W,CLT,Jacksonville Jaguars,@,22.442444,21.264517,20.10163,345.37274,221.43616,114.79501,1.6716291,19.481457,332.53906,220.64885,109.94948,1.6540728,1.5790087,-1.060398,0.05016832
2025,14.0,Sun,2025-12-07 13:00:00,W,GNB,Chicago Bears,,22.651169,20.484974,20.029287,340.80206,230.3825,117.992195,1.7007025,19.303776,327.03568,201.47282,119.2219,1.8419508,2.3734767,0.5478452,-0.2323672
2025,14.0,Sun,2025-12-07 13:00:00,L,JAX,Indianapolis Colts,,21.620287,21.901144,19.38939,329.8971,220.19662,111.1642,1.6713452,20.001848,337.61914,224.20592,113.803635,1.6991566,0.30857453,-1.4998422,0.18693839
2025,14.0,Sun,2025-12-07 13:00:00,W,MIA,New York Jets,@,22.910282,20.540657,20.155476,344.80103,232.89804,111.44891,1.6464664,19.275581,325.38632,219.06935,111.46022,1.6985896,1.8182902,0.7922359,-0.14523606
2025,14.0,Sun,2025-12-07 13:00:00,W,MIN,Washington Commanders,,22.469461,22.367788,19.997265,341.22565,235.10994,110.45804,1.6418604,20.01724,342.09274,224.81078,123.213524,1.68203,2.2275896,-2.1204145,0.2300425
2025,14.0,Sun,2025-12-07 13:00:00,L,NOR,Tampa Bay Buccaneers,@,20.684044,22.192957,19.164577,324.00745,213.53659,107.64433,1.7320374,20.127579,342.99417,236.10857,112.04144,1.6454214,-0.631611,-1.9773242,0.32678607
2025,14.0,Sun,2025-12-07 13:00:00,L,NYJ,Miami Dolphins,,20.768528,22.237604,19.206942,324.77798,213.95497,110.946976,1.6666235,19.961025,339.42145,229.67099,108.38649,1.6731725,-0.7950678,-1.0942742,0.33767846
2025,14.0,Sun,2025-12-07 13:00:00,L,OTI,Cleveland Browns,@,20.978434,21.65965,19.435884,325.85007,207.70149,110.968605,1.7530675,19.436234,329.6504,214.82884,116.98809,1.6645197,-0.3603505,-1.1108687,0.032300323
2025,14.0,Sun,2025-12-07 13:00:00,L,PIT,Baltimore Ravens,@,20.649956,23.093306,19.082502,325.05084,222.70274,104.9379,1.794766,20.381939,357.10913,229.65659,129.39406,1.7006338,-0.25111875,-2.3181114,-0.078560986
2025,14.0,Sun,2025-12-07 13:00:00,W,RAV,Pittsburgh Steelers,,23.377485,20.383244,20.316612,351.11325,229.58894,124.268585,1.6706039,19.43403,327.3721,222.44026,105.00009,1.7519488,2.204287,0.4901339,0.0009630844
2025,14.0,Sun,2025-12-07 13:00:00,W,SEA,Atlanta Falcons,@,22.652784,21.546309,19.995588,341.80557,225.9416,113.39327,1.6771291,19.692646,332.94003,214.6225,125.07517,1.6183544,1.7484225,-1.8214816,-0.016187316
2025,14.0,Sun,2025-12-07 13:00:00,W,TAM,New Orleans Saints,,22.835829,20.39588,20.247887,346.4651,233.83295,112.60159,1.6364148,19.406057,326.94177,217.64656,106.340546,1.8100531,1.351321,0.81152105,-0.324872
2025,14.0,Sun,2025-12-07 13:00:00,W,WAS,Minnesota Vikings,@,21.89389,21.890495,19.842522,343.29233,221.0558,115.45079,1.6399603,19.963768,339.5086,232.98116,111.29052,1.6482723,1.1301348,-1.4140741,0.2280759
2025,14.0,Sun,2025-12-07 16:05:00,W,DEN,Las Vegas Raiders,@,21.904682,21.213387,19.154858,334.12378,219.08232,112.016464,1.7477616,19.367157,327.4697,217.09355,107.93104,1.6597896,0.369141,-0.90004015,-0.3284704
2025,14.0,Sun,2025-12-07 16:05:00,L,RAI,Denver Broncos,,21.489439,21.738384,19.24267,329.3958,214.86525,106.545494,1.6849784,19.445854,333.19196,220.71613,111.405106,1.6640216,0.41675118,-0.22321531,0.19219093
2025,14.0,Sun,2025-12-07 16:25:00,W,BUF,Cincinnati Bengals,,22.584278,21.291103,20.386778,354.18234,229.64616,122.535255,1.7029499,19.57493,335.01764,224.7397,109.46236,1.7376232,3.2277608,-0.94229674,-0.3595352
2025,14.0,Sun,2025-12-07 16:25:00,L,CIN,Buffalo Bills,@,21.4537,22.440361,19.705692,333.75238,218.13266,107.2284,1.7997729,20.375412,358.08624,233.42932,121.354095,1.7474015,0.6552705,-3.369652,-0.28370127
2025,14.0,Sun,2025-12-07 16:25:00,W,CRD,Los Angeles Rams,,21.257486,21.234293,19.718517,335.03812,214.98627,107.698555,1.6572945,19.445055,331.5964,223.87027,110.52522,1.6918523,1.3958298,-0.6720769,0.1288782
2025,14.0,Sun,2025-12-07 16:25:00,W,RAM,Arizona Cardinals,@,21.621958,21.449295,19.841246,335.1975,232.1747,108.1094,1.6827761,19.597816,330.78955,225.55576,108.562706,1.6866372,0.44687125,-0.261811,-0.2438591
2025,14.0,Sun,2025-12-07 20:20:00,L,HTX,Kansas City Chiefs,@,20.267397,22.41088,18.911594,318.79163,212.39351,106.611565,1.7310386,20.27432,356.97134,236.76787,113.65944,1.6819422,-1.4181767,-2.2682137,0.37053648
2025,14.0,Sun,2025-12-07 20:20:00,W,KAN,Houston Texans,,22.583752,20.25646,20.301723,352.5411,237.60928,114.597275,1.6992389,19.125559,324.6984,217.24548,106.951546,1.7656744,2.9978623,1.2766074,-0.29503053
2025,14.0,Mon,2025-12-08 20:15:00,W,PHI,Los Angeles Chargers,@,22.237514,21.348251,20.104044,352.35992,222.44267,121.605545,1.634399,19.783234,332.7774,228.91554,105.32615,1.6801437,2.7505302,-0.39122277,-0.06157624
2025,14.0,Mon,2025-12-08 20:15:00,L,SDG,Philadelphia Eagles,,21.624622,21.724585,19.83983,335.2242,225.15111,104.51131,1.687204,20.028713,352.2941,225.04196,125.16116,1.6797887,0.8245108,-2.0950406,-0.10846698
2025,15.0,Thu,2025-12-11 20:15:00,L,ATL,Tampa Bay Buccaneers,@,21.375011,22.797037,19.157616,326.4867,212.33922,112.9631,1.7438135,20.01501,347.33087,235.83353,109.30885,1.650045,-0.55272454,-2.2783058,-0.31801397
2025,15.0,Thu,2025-12-11 20:15:00,W,TAM,Atlanta Falcons,,22.818583,20.703985,20.201666,345.8684,234.27974,113.8353,1.6928942,19.629879,324.9053,212.38823,113.82101,1.7270496,2.266777,0.15862429,-0.13728221
2025,15.0,Sun,2025-12-14 13:00:00,W,BUF,New England Patriots,@,22.621323,21.037518,20.217802,338.53546,231.5702,116.893875,1.654172,19.484438,333.5457,217.1355,111.28531,1.8231186,2.3033676,0.31676644,-0.5195374
2025,15.0,Sun,2025-12-14 13:00:00,L,CHI,Cleveland Browns,,21.369608,21.718836,19.386703,327.181,198.21346,116.29758,1.8232809,19.31433,328.8196,214.47256,118.936066,1.6983901,-0.48160598,-0.9700482,0.012959823
2025,15.0,Sun,2025-12-14 13:00:00,L,CIN,Baltimore Ravens,,21.401934,22.596777,19.731606,333.49167,222.95372,103.21582,1.7583804,20.348513,365.5963,231.88281,134.17474,1.7440828,1.0195198,-2.536103,-0.18579401
2025,15.0,Sun,2025-12-14 13:00:00,W,CLE,Chicago Bears,@,22.001867,20.960064,19.45406,328.20135,209.09491,122.25792,1.7121276,19.371084,326.20444,200.16078,117.9139,1.7863996,0.6046403,-0.4126188,0.07776154
2025,15.0,Sun,2025-12-14 13:00:00,W,CRD,Houston Texans,@,22.062315,20.631294,19.870657,346.57812,218.93034,120.1843,1.6885823,19.098948,328.14563,220.06624,110.65472,1.6790549,1.9269537,0.2718772,-0.07800318
2025,15.0,Sun,2025-12-14 13:00:00,L,HTX,Arizona Cardinals,,20.648064,22.465204,19.234821,322.1966,214.44092,110.98712,1.7244036,19.930971,341.08936,221.77998,118.92823,1.6690642,-0.44095275,-1.830151,0.34319767
2025,15.0,Sun,2025-12-14 13:00:00,W,JAX,New York Jets,,21.922436,20.211105,19.460155,331.67422,219.91527,113.212715,1.6588128,19.183464,328.4461,220.85297,111.196304,1.7269257,1.1702001,0.6421584,-0.2869197
2025,15.0,Sun,2025-12-14 13:00:00,W,KAN,Los Angeles Chargers,,22.590738,21.546057,20.253191,355.0659,237.42952,114.86235,1.7006477,19.79692,337.39642,224.93936,106.99939,1.7125454,2.1542459,-0.69987106,0.013288402
2025,15.0,Sun,2025-12-14 13:00:00,L,NWE,Buffalo Bills,,20.841564,22.926687,19.337595,328.1843,210.45323,112.00256,1.824414,20.208324,344.14645,227.04953,116.490326,1.7073845,-0.2589862,-1.7135834,0.26778796
2025,15.0,Sun,2025-12-14 13:00:00,L,NYG,Washington Commanders,,21.246258,22.554697,19.455845,327.953,209.26799,113.008545,1.7250396,20.233307,340.07373,224.01518,121.12769,1.6890645,1.240157,-2.1910467,0.008863285
2025,15.0,Sun,2025-12-14 13:00:00,L,NYJ,Jacksonville Jaguars,@,20.772343,21.637362,19.31207,325.9284,215.97115,110.60508,1.7240134,19.543318,332.54303,218.51236,112.084785,1.675085,-0.38725767,-1.0062714,0.17318313
2025,15.0,Sun,2025-12-14 13:00:00,W,PHI,Las Vegas Raiders,,22.653208,20.600346,20.309366,353.79547,224.38133,113.59757,1.6249005,19.350218,324.67148,218.77211,107.147354,1.7488216,3.269085,-0.37306207,-0.37129587
2025,15.0,Sun,2025-12-14 13:00:00,L,RAI,Philadelphia Eagles,@,21.126064,22.673716,19.330343,330.63907,219.28773,103.89529,1.7952979,20.219206,355.14417,228.18874,115.929985,1.6591036,0.22700988,-2.7707074,0.22306518
2025,15.0,Sun,2025-12-14 13:00:00,W,RAV,Cincinnati Bengals,@,22.378052,21.549566,20.358854,357.65298,226.92494,128.08138,1.7100924,19.550531,333.36792,224.90717,101.98195,1.7259628,1.6831166,-0.8908396,0.09520943
2025,15.0,Sun,2025-12-14 13:00:00,W,SDG,Kansas City Chiefs,@,22.091276,21.943743,19.944126,336.70465,221.7081,107.78342,1.7104774,20.250998,358.8341,236.08058,115.062126,1.6989938,0.54471713,-2.1571832,0.040110286
2025,15.0,Sun,2025-12-14 13:00:00,W,WAS,New York Giants,@,22.698217,21.247875,19.929804,339.0847,214.84564,119.86383,1.6554608,19.338043,329.74042,211.10823,114.59802,1.7393078,1.2599132,-0.5580178,-0.07240622
2025,15.0,Sun,2025-12-14 16:25:00,L,CAR,New Orleans Saints,@,20.261267,21.375147,19.064152,323.33624,201.45346,117.36232,1.6797322,19.465536,333.83844,217.22865,109.67499,1.7092799,-0.7698716,-0.08416791,0.14540909
2025,15.0,Sun,2025-12-14 16:25:00,L,CLT,Seattle Seahawks,@,22.422338,22.43472,20.180246,348.568,219.26605,119.72448,1.6262407,20.037384,341.31097,232.47955,110.13551,1.661792,1.5278329,-2.036629,-0.10612062
2025,15.0,Sun,2025-12-14 16:25:00,L,DEN,Green Bay Packers,,22.177635,22.384548,19.335526,333.59824,217.18398,108.44975,1.7586797,20.024918,350.71893,232.39609,111.57714,1.6860261,-0.43598512,-1.8329709,0.3626319
2025,15.0,Sun,2025-12-14 16:25:00,W,DET,Los Angeles Rams,@,22.023636,20.628744,19.872227,335.74286,225.953,112.57745,1.648983,19.5891,331.92233,221.98932,108.10793,1.7138695,2.0550377,-0.22679731,-0.2821821
2025,15.0,Sun,2025-12-14 16:25:00,W,GNB,Denver Broncos,@,22.40868,21.720037,20.265392,348.7609,232.0074,112.04377,1.6624209,19.60668,334.40463,221.35335,112.4203,1.8156562,2.2867138,-0.109851114,-0.21138091
2025,15.0,Sun,2025-12-14 16:25:00,W,NOR,Carolina Panthers,,22.140919,20.383535,19.487951,330.15033,208.31879,116.41737,1.7018563,19.13071,324.04373,200.57944,118.49689,1.7213438,0.059904616,1.3372111,-0.0013266639
2025,15.0,Sun,2025-12-14 16:25:00,L,OTI,San Francisco 49ers,@,20.556366,23.33497,19.156761,328.10086,211.14143,107.62715,1.7944658,20.16328,353.3312,232.37163,117.426125,1.6769384,-0.7124082,-2.7036521,0.5134191
2025,15.0,Sun,2025-12-14 16:25:00,W,RAM,Detroit Lions,,21.447771,21.189537,19.909237,335.1975,232.1747,108.34635,1.6824617,19.446505,330.47797,225.03673,108.562706,1.6866372,0.4001748,-0.19786963,-0.20770033
2025,15.0,Sun,2025-12-14 16:25:00,W,SEA,Indianapolis Colts,,22.770687,21.943884,19.993753,343.4361,231.59901,111.20319,1.6605992,20.002775,338.20053,221.82092,119.51577,1.6320401,1.6036366,-1.7909619,-0.030255381
2025,15.0,Sun,2025-12-14 16:25:00,W,SFO,Tennessee Titans,,23.458975,20.525639,20.223145,347.29352,235.84453,112.64493,1.6535914,19.170048,326.14542,214.15718,110.507545,1.8396951,2.585878,0.6489847,-0.20755343
2025,15.0,Sun,2025-12-14 20:20:00,W,DAL,Minnesota Vikings,,22.337685,20.723467,19.901836,347.61874,232.28778,105.464455,1.6296028,19.981432,336.04193,225.12497,112.401764,1.7356589,1.9925307,-0.37487856,-0.2223704
2025,15.0,Sun,2025-12-14 20:20:00,L,MIN,Dallas Cowboys,@,21.221573,21.975374,19.753387,335.47125,223.11528,111.79946,1.6785603,19.847437,344.43982,233.71065,112.10169,1.639318,-0.117162265,-1.931473,0.045378167
2025,15.0,Mon,2025-12-15 20:15:00,W,MIA,Pittsburgh Steelers,@,22.18222,20.592167,20.140108,342.7494,233.84053,110.46806,1.6504529,19.496445,330.69614,223.33305,111.32235,1.7090058,1.3654076,-0.046476785,0.02927094
2025,15.0,Mon,2025-12-15 20:15:00,L,PIT,Miami Dolphins,,21.440042,21.851765,19.322365,328.90186,220.3758,110.64701,1.7117801,19.982193,340.82135,232.31985,108.8747,1.6749486,-0.7241113,-0.7737175,0.12823936
2025,16.0,Thu,2025-12-18 20:15:00,W,RAM,Seattle Seahawks,@,21.464813,20.858986,20.04565,337.83096,232.89134,108.300804,1.6496111,19.61721,331.77795,226.8521,107.92035,1.6818659,0.84990895,-0.20860559,0.053841125
2025,16.0,Thu,2025-12-18 20:15:00,W,SEA,Los Angeles Rams,,21.64519,21.029724,19.92977,336.49985,228.45255,109.101944,1.6539209,19.667944,332.2355,225.22153,111.55449,1.6673715,1.4542248,-1.2462174,-0.020733476
2025,16.0,Sat,2025-12-20 13:00:00,L,CHI,Green Bay Packers,,21.213053,22.99627,19.145655,328.31116,199.6333,118.54237,1.7855824,19.87667,347.9144,229.75679,116.6982,1.7278193,-0.8910119,-2.327856,0.39189065
2025,16.0,Sat,2025-12-20 13:00:00,W,GNB,Chicago Bears,@,22.563515,20.736876,20.134607,341.84528,229.58662,118.69372,1.693405,19.42153,327.79044,201.9463,119.57975,1.8100818,2.6252542,0.25862283,-0.26892075
2025,16.0,Sat,2025-12-20 13:00:00,L,PHI,Washington Commanders,@,22.408615,22.454247,20.278196,345.64246,226.36563,113.85546,1.6353526,19.971895,338.90866,221.356,121.437706,1.7280164,2.4212654,-2.0212824,0.15184622
2025,16.0,Sat,2025-12-20 13:00:00,L,WAS,Philadelphia Eagles,,22.159288,22.454123,19.746578,336.91953,217.80977,114.7133,1.7013578,20.095509,347.98468,228.20477,122.507744,1.645188,1.2129171,-2.2132745,-0.008513501
2025,16.0,Sun,2025-12-21 13:00:00,W,BUF,Cleveland Browns,@,22.71295,20.934528,20.263779,346.5064,227.48796,116.419815,1.6787751,19.536537,330.61325,216.93114,118.20195,1.7227314,2.679783,-0.30189636,-0.45859525
2025,16.0,Sun,2025-12-21 13:00:00,L,CAR,Tampa Bay Buccaneers,,20.026064,23.142332,18.839357,323.7503,208.27737,109.90911,1.7357835,20.037903,347.41547,236.57336,109.55023,1.653603,-1.2272891,-2.0893738,0.22555083
2025,16.0,Sun,2025-12-21 13:00:00,L,CLE,Buffalo Bills,,21.205261,23.279245,19.451712,329.06763,210.72388,116.77918,1.7598014,20.048672,348.7905,227.25916,119.03259,1.7093775,0.35950044,-2.7000709,0.17073211
2025,16.0,Sun,2025-12-21 13:00:00,W,DAL,Los Angeles Chargers,,22.357649,21.409431,20.07061,349.27966,232.35439,111.70363,1.6326993,19.89338,340.98154,228.79295,111.69546,1.737288,1.9329576,-0.70682704,-0.15000795
2025,16.0,Sun,2025-12-21 13:00:00,W,KAN,Tennessee Titans,@,22.736982,20.66185,20.282177,347.92853,236.69127,110.96618,1.7080481,19.188923,322.8739,213.73776,111.416534,1.8435444,2.025106,0.8249272,-0.27484468
2025,16.0,Sun,2025-12-21 13:00:00,W,MIN,New York Giants,@,22.852684,20.908607,20.141123,343.95715,233.77759,112.50337,1.6491362,19.280893,324.494,216.76932,111.99486,1.7647941,1.9617383,-0.1482611,-0.28255725
2025,16.0,Sun,2025-12-21 13:00:00,W,NOR,New York Jets,,21.684664,20.309494,19.403288,331.4421,214.73442,114.21186,1.7087874,19.143614,326.4425,214.41376,112.7934,1.6858428,0.49593973,0.7645489,-0.21967827
2025,16.0,Sun,2025-12-21 13:00:00,L,NWE,Baltimore Ravens,@,20.607649,23.071554,19.285225,326.4998,218.677,106.178535,1.7614156,20.469334,355.262,228.52121,128.32492,1.6589072,-0.2928353,-2.4017205,0.10664198
2025,16.0,Sun,2025-12-21 13:00:00,L,NYG,Minnesota Vikings,,20.976763,22.401026,19.305094,329.82507,213.26805,111.61021,1.724864,20.085587,340.33942,231.4329,108.59935,1.6824766,0.031529848,-1.5499134,0.18934403
2025,16.0,Sun,2025-12-21 13:00:00,L,NYJ,New Orleans Saints,@,20.677263,21.13934,19.276209,322.84985,210.93774,111.606895,1.6558545,19.398655,332.82675,216.57559,111.32087,1.7067778,-0.41957173,-0.23717013,0.31691834
2025,16.0,Sun,2025-12-21 13:00:00,L,OTI,Kansas City Chiefs,,20.460299,22.95802,18.98835,324.61426,212.988,110.65563,1.8098993,20.017904,350.18457,236.6566,112.5651,1.7011268,-0.9064441,-1.6341568,0.31699544
2025,16.0,Sun,2025-12-21 13:00:00,W,RAV,New England Patriots,,23.720793,20.74431,20.324488,347.12204,226.34564,124.87508,1.6412154,19.219877,328.23972,215.68456,104.52722,1.7968909,2.1907184,0.36270007,0.0033991802
2025,16.0,Sun,2025-12-21 13:00:00,L,SDG,Dallas Cowboys,@,22.052105,22.157299,19.938883,338.61826,226.28978,111.471344,1.6741068,19.81555,347.23175,233.2346,114.3953,1.6596082,0.37763706,-1.6154029,0.020606395
2025,16.0,Sun,2025-12-21 13:00:00,W,TAM,Carolina Panthers,@,23.382463,20.389275,20.05707,341.6466,232.28932,113.91042,1.6921116,18.966404,321.9609,202.67947,110.02589,1.7820454,1.2719233,1.7795393,-0.3333369
2025,16.0,Sun,2025-12-21 16:05:00,L,ATL,Arizona Cardinals,@,21.780241,22.221283,19.299614,328.56247,208.86435,120.36207,1.7014896,19.89169,337.97632,223.38042,120.75423,1.6528486,0.3036482,-1.4591106,-0.02967221
2025,16.0,Sun,2025-12-21 16:05:00,W,CRD,Atlanta Falcons,,22.51209,21.489782,19.901209,340.81183,210.43083,117.52124,1.6721529,19.49512,332.34756,213.72818,122.02305,1.6269604,1.8295891,-1.3482188,0.18040903
2025,16.0,Sun,2025-12-21 16:05:00,W,DEN,Jacksonville Jaguars,,22.062721,21.459768,19.1707,334.14655,220.79811,112.546974,1.7768006,19.48221,330.1919,219.37057,109.97532,1.6690692,0.21783562,-0.97717375,-0.28611758
2025,16.0,Sun,2025-12-21 16:05:00,L,JAX,Denver Broncos,@,21.378777,21.78131,19.287365,328.98996,217.85263,108.71759,1.6631744,19.56672,335.21072,222.45383,111.502625,1.7416978,0.21099225,-0.19246167,0.18894835
2025,16.0,Sun,2025-12-21 16:25:00,W,DET,Pittsburgh Steelers,,22.858507,20.201895,20.594791,353.19165,228.75374,118.6833,1.6792442,19.422857,328.13922,221.58737,109.63859,1.7305534,2.2970393,-0.021680962,-0.37723473
2025,16.0,Sun,2025-12-21 16:25:00,L,HTX,Las Vegas Raiders,,20.380695,21.125015,19.297756,323.7178,214.25528,108.43073,1.6406946,19.469788,328.84302,216.31668,110.28646,1.6505451,0.009216874,-0.6685981,-0.026935004
2025,16.0,Sun,2025-12-21 16:25:00,L,PIT,Detroit Lions,@,20.947742,22.778116,19.120705,325.59607,223.05534,110.85809,1.7619476,20.47054,349.7612,228.09015,118.975395,1.6999456,-0.35347033,-2.7228987,0.25075454
2025,16.0,Sun,2025-12-21 16:25:00,W,RAI,Houston Texans,@,20.927841,20.657192,19.378271,328.0667,218.77405,110.90949,1.6813608,19.148151,326.50217,219.96141,108.98835,1.6498522,0.40814075,0.42487487,0.030405695
2025,16.0,Sun,2025-12-21 20:20:00,W,CIN,Miami Dolphins,@,22.297272,21.506207,20.051592,339.7459,228.51031,108.96772,1.6503448,19.812666,338.83984,227.94992,111.80989,1.7598423,1.3817047,-0.6065319,-0.38237613
2025,16.0,Sun,2025-12-21 20:20:00,L,MIA,Cincinnati Bengals,,21.856735,22.04313,19.91435,340.6062,230.46542,112.56063,1.7317082,19.930939,339.00424,230.88367,110.433464,1.6540812,0.5027024,-1.4829795,0.13053165
2025,16.0,Mon,2025-12-22 20:15:00,W,CLT,San Francisco 49ers,,22.10388,22.04543,19.845564,335.52927,218.72272,111.22812,1.6592215,20.262598,355.13043,233.93639,117.95687,1.6559772,0.91967094,-2.8645842,-0.08090486
2025,16.0,Mon,2025-12-22 20:15:00,W,SFO,Indianapolis Colts,@,22.716736,21.439173,20.330221,346.59366,236.61726,113.38443,1.6623032,19.808634,336.0159,220.48361,112.11531,1.7344869,2.4567902,-1.1770053,-0.117648125
2025,17.0,Thu,2025-12-25 13:00:00,W,DAL,Washington Commanders,@,22.770514,22.435917,20.445274,344.88092,236.30736,106.93028,1.658897,20.237408,347.38873,220.02672,127.635765,1.7857636,3.1677814,-2.4591062,-0.08896404
2025,17.0,Thu,2025-12-25 13:00:00,L,WAS,Dallas Cowboys,,21.950651,22.343327,19.978848,344.10593,217.4342,118.62601,1.7558942,20.121204,345.02838,234.75427,112.80094,1.6175835,1.1098058,-2.129622,0.18545817
2025,17.0,Thu,2025-12-25 16:30:00,W,DET,Minnesota Vikings,@,23.33745,21.48262,20.389685,355.3964,230.90158,117.05096,1.6286983,19.875608,338.7438,224.02126,107.69859,1.6761377,3.1310754,-1.1141522,-0.19650583
2025,17.0,Thu,2025-12-25 16:30:00,L,MIN,Detroit Lions,,21.830858,22.20066,19.917704,338.79758,225.81891,108.50855,1.6645592,20.285933,357.11383,227.30359,115.36456,1.6802995,1.626962,-3.4591777,-0.00356241
2025,17.0,Thu,2025-12-25 20:15:00,L,DEN,Kansas City Chiefs,@,21.335493,22.548471,19.076443,329.9168,217.69751,109.470406,1.7740611,20.12227,353.12582,235.5168,111.177635,1.6610229,-1.0521808,-1.886459,0.2735532
2025,17.0,Thu,2025-12-25 20:15:00,W,KAN,Denver Broncos,,23.01674,20.710176,20.369406,351.73987,237.25818,109.78329,1.6922687,19.70792,329.11322,218.65053,112.86972,1.78953,2.7439008,0.6410236,-0.2690974
2025,17.0,Sun,2025-12-28 13:00:00,L,CAR,Seattle Seahawks,,20.505472,22.870329,19.028427,324.07632,207.4746,120.8185,1.6881225,19.921177,343.5641,229.7425,110.71656,1.6971627,-0.8249671,-2.0518477,0.02819274
2025,17.0,Sun,2025-12-28 13:00:00,W,CIN,Arizona Cardinals,,22.5015,21.93614,20.063417,340.7769,230.29613,112.12743,1.7299107,19.831457,341.5571,227.64456,121.67523,1.7572509,1.6929172,-1.581941,-0.13033544
2025,17.0,Sun,2025-12-28 13:00:00,W,CLE,Pittsburgh Steelers,,21.660345,21.258049,19.604433,328.2227,218.15674,116.29361,1.6680291,19.421108,331.67673,220.25096,112.57796,1.7383497,0.9809645,-0.35332176,-0.060631305
2025,17.0,Sun,2025-12-28 13:00:00,W,CLT,Jacksonville Jaguars,,22.716293,21.242361,20.137745,345.64066,221.73041,115.07976,1.6700114,19.564253,332.7182,221.25531,109.97432,1.6701772,1.80975,-1.0240221,0.012398102
2025,17.0,Sun,2025-12-28 13:00:00,L,CRD,Cincinnati Bengals,@,21.83665,22.012987,19.824432,343.5054,219.58017,119.04806,1.7814403,19.774876,338.0434,230.17812,113.93353,1.6664078,1.0716206,-1.5876585,0.0650584
2025,17.0,Sun,2025-12-28 13:00:00,L,GNB,Baltimore Ravens,,22.08499,22.882853,20.007421,337.71545,224.37695,104.51638,1.6994675,20.172956,353.0549,226.40933,132.01656,1.7201116,1.798324,-1.905192,-0.15703388
2025,17.0,Sun,2025-12-28 13:00:00,L,HTX,Los Angeles Chargers,@,20.232225,22.251066,18.960842,319.52383,212.97366,109.85039,1.6525807,19.957699,344.2332,232.55957,109.50077,1.6576556,-0.6798869,-1.431372,0.43720436
2025,17.0,Sun,2025-12-28 13:00:00,L,JAX,Indianapolis Colts,@,21.43676,22.269135,19.202333,331.14578,220.49088,111.1642,1.6931736,20.021164,336.93768,223.3699,112.39741,1.6991566,0.13605286,-1.7476844,0.13077632
2025,17.0,Sun,2025-12-28 13:00:00,L,MIA,Tampa Bay Buccaneers,,22.129717,22.307526,19.821524,338.62103,227.97711,106.6932,1.6998821,20.293627,347.1608,234.13292,110.76046,1.6465288,0.50774944,-1.975527,0.3243097
2025,17.0,Sun,2025-12-28 13:00:00,W,NOR,Tennessee Titans,@,21.687704,20.934729,19.506191,328.10153,216.00139,110.85427,1.6942716,19.262522,330.13538,212.08711,114.06058,1.6966224,0.13156636,0.08883525,-0.03825308
2025,17.0,Sun,2025-12-28 13:00:00,W,NWE,New York Jets,@,21.612085,20.667105,19.563707,331.85553,215.1827,114.72115,1.7177107,19.251984,326.9279,213.24274,110.51197,1.6728896,-0.066081524,0.56593055,-0.07677709
2025,17.0,Sun,2025-12-28 13:00:00,L,NYG,Las Vegas Raiders,@,20.748287,21.526342,19.317614,329.19278,207.87633,112.64121,1.6825159,19.497509,331.11328,217.83545,108.77571,1.6744022,0.7878106,-1.2557229,-0.11999051
2025,17.0,Sun,2025-12-28 13:00:00,L,NYJ,New England Patriots,,21.042295,21.301075,19.29384,325.10974,213.05418,109.92663,1.6465013,19.222626,331.5148,215.77249,111.54886,1.7246312,-0.37308845,-0.1631208,-0.017517716
2025,17.0,Sun,2025-12-28 13:00:00,L,OTI,New Orleans Saints,,20.826715,21.078876,19.385311,326.25034,210.96913,116.60607,1.6872649,19.265635,332.17468,218.31178,110.135574,1.7092683,0.00031062122,-0.09227525,0.11008351
2025,17.0,Sun,2025-12-28 13:00:00,L,PIT,Cleveland Browns,@,21.679672,21.884592,19.323935,329.17953,217.49763,110.84726,1.7721307,19.523693,330.3962,215.97787,117.52929,1.68969,-0.36973137,-1.0691574,-0.0010791332
2025,17.0,Sun,2025-12-28 13:00:00,W,RAI,New York Giants,,22.139496,20.89116,19.337217,329.24338,218.7804,110.44537,1.6837257,19.193306,325.52066,212.46286,111.32954,1.696407,1.3196207,-0.13775644,-0.016728159
2025,17.0,Sun,2025-12-28 13:00:00,W,RAV,Green Bay Packers,@,23.195864,21.810406,20.263092,353.12216,225.08653,129.9488,1.6712835,19.768808,341.6242,226.3766,107.549675,1.7328235,1.516985,-1.8372545,0.32935753
2025,17.0,Sun,2025-12-28 13:00:00,W,SDG,Houston Texans,,22.376793,20.317337,20.169968,346.51508,232.95,113.573715,1.6601363,18.960798,324.82492,218.2282,110.2652,1.7270788,1.7911456,0.8705888,-0.36695117
2025,17.0,Sun,2025-12-28 13:00:00,W,SEA,Carolina Panthers,@,23.270355,20.713854,20.007807,341.3672,223.92482,113.871086,1.6614242,19.2429,328.02084,202.14189,118.60763,1.6855959,1.5576618,0.74707437,-0.3819236
2025,17.0,Sun,2025-12-28 13:00:00,W,TAM,Miami Dolphins,@,22.814224,21.433775,20.203379,346.408,237.76949,109.91416,1.6511174,19.786486,332.7899,225.03708,104.694275,1.754019,1.3440012,-0.40377536,-0.3397758
2025,17.0,Sun,2025-12-28 16:25:00,W,BUF,Philadelphia Eagles,,22.861584,21.8782,20.266037,340.8754,232.74657,114.99486,1.6926959,19.881996,344.27954,224.1818,118.131584,1.7004142,3.189367,-1.8737332,-0.15554546
2025,17.0,Sun,2025-12-28 16:25:00,L,PHI,Buffalo Bills,@,22.118122,22.631622,19.968884,340.3182,214.90466,118.23453,1.7292746,20.315905,344.45923,226.5618,116.17497,1.704195,2.2218037,-2.5782857,-0.04989538
2025,17.0,Sun,2025-12-28 20:20:00,L,CHI,San Francisco 49ers,@,20.648804,22.64683,19.25273,324.3946,203.43373,112.62629,1.8185467,20.14161,351.82285,232.07565,120.98445,1.7072084,-0.075980894,-2.6680763,0.12930971
2025,17.0,Sun,2025-12-28 20:20:00,W,SFO,Chicago Bears,,22.96394,20.409616,20.18448,346.6033,229.2192,121.03971,1.6890748,19.214602,326.58316,201.59,115.40315,1.8086045,2.7707605,0.19772705,-0.32106143
2025,17.0,Mon,2025-12-29 20:15:00,L,ATL,Los Angeles Rams,,20.623438,21.105347,19.175592,323.61774,211.1904,105.61005,1.6889983,19.358807,330.48407,223.71938,108.31855,1.6967229,-0.48167145,-0.32226023,-0.023809142
2025,17.0,Mon,2025-12-29 20:15:00,W,RAM,Atlanta Falcons,@,21.223095,21.056889,19.7231,329.35764,228.92012,106.84248,1.6877497,19.660313,328.46243,223.25737,108.0685,1.7122374,0.3322987,0.034535613,-0.31649938
2025,18.0,Sun,2026-01-04 13:00:00,W,ATL,New Orleans Saints,,21.94119,21.114162,19.37095,326.9793,211.06253,119.4999,1.6698555,19.473005,335.17917,218.61633,112.233284,1.7373675,0.29593423,-0.072065674,-0.24650629
2025,18.0,Sun,2026-01-04 13:00:00,W,BUF,New York Jets,,23.948273,19.827671,20.62205,352.02942,236.54745,117.52906,1.7018645,19.305645,332.2052,229.48894,109.87713,1.8175436,3.586629,1.1045221,-0.6323613
2025,18.0,Sun,2026-01-04 13:00:00,L,CAR,Tampa Bay Buccaneers,@,20.029972,23.138008,19.021175,323.6408,207.9133,110.092026,1.7397153,20.089266,347.5073,237.15085,109.331406,1.653603,-1.4570189,-2.217488,0.22555083
2025,18.0,Sun,2026-01-04 13:00:00,L,CHI,Detroit Lions,,20.654556,22.829172,19.09432,323.7067,209.9111,116.34626,1.871604,19.981209,345.84476,225.53462,121.578995,1.7131416,-0.4487095,-2.4545033,0.19555946
2025,18.0,Sun,2026-01-04 13:00:00,W,CIN,Cleveland Browns,,22.668682,20.984573,19.837563,337.88885,226.35141,109.68841,1.7559775,19.361933,331.70868,216.17659,117.457565,1.7333983,1.3960351,-0.24129185,-0.28051797
2025,18.0,Sun,2026-01-04 13:00:00,L,CLE,Cincinnati Bengals,@,20.986225,22.600992,19.15814,328.633,216.28456,119.70291,1.738699,19.756222,335.2591,228.69124,110.557396,1.6936005,-0.36530426,-1.5755469,0.00982536
2025,18.0,Sun,2026-01-04 13:00:00,W,CLT,Houston Texans,@,22.252691,20.743586,20.06813,345.98734,219.4611,118.67477,1.6698923,19.245344,329.2002,221.90862,108.2119,1.6972268,1.7620193,0.23953691,0.0023713075
2025,18.0,Sun,2026-01-04 13:00:00,L,CRD,Los Angeles Rams,@,21.26533,21.623596,19.531359,335.03812,214.31415,107.461845,1.6701578,19.535076,332.2135,224.20357,110.666756,1.6918523,1.3171977,-0.7790827,0.1288782
2025,18.0,Sun,2026-01-04 13:00:00,W,DAL,New York Giants,@,22.937538,20.445354,20.023777,346.5132,232.82092,110.12577,1.6709116,19.353346,328.59778,209.49391,115.90418,1.8336447,2.0999348,0.27837074,-0.20530291
2025,18.0,Sun,2026-01-04 13:00:00,W,DEN,Los Angeles Chargers,,22.048256,21.860115,19.22601,329.79074,215.1868,115.04035,1.7715719,19.728918,341.3463,232.662,107.24701,1.6596594,0.0824351,-0.62438244,0.32322323
2025,18.0,Sun,2026-01-04 13:00:00,W,DET,Chicago Bears,@,22.242672,20.193949,19.911482,344.16812,220.46292,124.16096,1.7173587,19.286028,326.40463,202.80298,115.81473,1.7811865,2.133191,0.6382585,-0.3384743
2025,18.0,Sun,2026-01-04 13:00:00,W,GNB,Minnesota Vikings,@,22.491686,21.909306,20.217337,351.2951,234.4501,114.758575,1.6511414,19.910505,341.46814,231.51675,109.0034,1.7253118,2.1760223,-0.92344344,0.058546934
2025,18.0,Sun,2026-01-04 13:00:00,L,HTX,Indianapolis Colts,,20.767134,22.36999,19.303207,323.34644,216.87883,108.21342,1.7215818,19.943602,338.3783,220.26451,116.32682,1.6846466,-0.309926,-1.5522538,0.22901239
2025,18.0,Sun,2026-01-04 13:00:00,W,JAX,Tennessee Titans,,21.992409,20.87848,19.456396,328.99704,218.66,109.43111,1.6486827,19.206482,332.0265,217.60887,112.054214,1.7573522,0.8162234,0.074845135,0.021926045
2025,18.0,Sun,2026-01-04 13:00:00,W,KAN,Las Vegas Raiders,@,22.532951,20.295105,20.062262,351.03668,237.69559,110.71403,1.6671351,19.484924,324.84113,215.04384,107.63868,1.7491183,2.7481956,-0.033519305,-0.50423944
2025,18.0,Sun,2026-01-04 13:00:00,W,MIA,New England Patriots,@,22.658289,20.92764,20.055304,339.8315,229.73232,109.18905,1.6179044,19.24512,330.57724,218.63908,111.3442,1.722562,1.0937806,0.1411193,-0.1559879
2025,18.0,Sun,2026-01-04 13:00:00,W,MIN,Green Bay Packers,,22.491512,21.90051,19.984941,342.58734,229.73705,108.40196,1.6591978,20.220533,353.8587,231.39897,113.377365,1.6695861,1.0869507,-2.148121,0.004930884
2025,18.0,Sun,2026-01-04 13:00:00,W,NOR,Atlanta Falcons,@,21.705765,21.509481,19.31221,331.166,208.66235,115.404144,1.7897301,19.635645,331.3669,210.41508,121.47357,1.6723943,-0.12142298,-1.1619172,0.29890317
2025,18.0,Sun,2026-01-04 13:00:00,L,NWE,Miami Dolphins,,21.472439,22.395103,19.30883,327.39517,214.77231,112.63771,1.697029,19.939283,339.27414,231.5616,107.8125,1.6494768,-0.7439036,-0.92319787,0.22488536
2025,18.0,Sun,2026-01-04 13:00:00,L,NYG,Dallas Cowboys,,20.686636,22.536173,19.252089,327.45044,205.84892,114.79698,1.7993742,19.881079,344.1475,232.80058,110.621086,1.65247,-0.6276265,-2.0863917,0.17772843
2025,18.0,Sun,2026-01-04 13:00:00,L,NYJ,Buffalo Bills,@,20.381535,24.012821,19.340263,328.29724,215.06203,110.45448,1.8168193,20.527922,356.75668,231.5739,121.28569,1.7653494,-0.7184411,-3.1257472,0.37027103
2025,18.0,Sun,2026-01-04 13:00:00,L,OTI,Jacksonville Jaguars,@,20.765717,21.745798,19.403564,328.59387,217.36136,113.146225,1.7582582,19.440603,331.18033,219.41928,110.78073,1.654039,0.09478624,-0.9677945,0.018871307
2025,18.0,Sun,2026-01-04 13:00:00,W,PHI,Washington Commanders,,22.443634,22.292757,20.274815,341.1639,224.02002,114.94732,1.6258413,19.960829,338.54355,221.18263,121.7311,1.7319376,1.848265,-1.9537916,0.1955431
2025,18.0,Sun,2026-01-04 13:00:00,L,PIT,Baltimore Ravens,,20.883547,23.066174,19.37362,325.95493,223.68741,105.12081,1.7908341,20.38318,357.10913,230.00818,130.078,1.7006338,-0.10854559,-2.2230022,-0.13753124
2025,18.0,Sun,2026-01-04 13:00:00,L,RAI,Kansas City Chiefs,,21.127274,22.025549,19.319757,325.5937,213.62831,106.45086,1.7451965,20.103159,356.905,238.42961,111.395996,1.6595796,-0.43491033,-2.1804762,0.5671933
2025,18.0,Sun,2026-01-04 13:00:00,W,RAM,Arizona Cardinals,,22.037432,21.361685,19.982311,336.58087,231.66037,109.348145,1.6891266,19.612127,332.5259,225.94376,108.785614,1.6866372,0.6388202,-0.20072576,-0.2438591
2025,18.0,Sun,2026-01-04 13:00:00,W,RAV,Pittsburgh Steelers,@,23.185904,20.71888,20.45585,353.10825,229.67534,125.47316,1.669955,19.528465,329.2986,223.14307,105.44083,1.7766559,2.2547941,0.058553252,0.035582714
2025,18.0,Sun,2026-01-04 13:00:00,W,SDG,Denver Broncos,@,22.332718,21.544489,19.942398,341.23315,229.11378,107.90425,1.6520276,19.517088,333.32788,219.99619,117.11616,1.7573265,1.3091036,0.09751458,-0.2692997
2025,18.0,Sun,2026-01-04 13:00:00,L,SEA,San Francisco 49ers,@,22.284956,22.393326,19.861023,335.04062,225.54228,106.79225,1.6823174,20.621395,363.0671,233.52068,126.016266,1.6679327,0.8695138,-3.3816323,0.23344223
2025,18.0,Sun,2026-01-04 13:00:00,W,SFO,Seattle Seahawks,,22.892035,22.023079,20.52168,358.4852,238.389,121.61836,1.6433371,19.694126,340.06702,229.05898,108.47198,1.7376951,3.1409013,-1.5203172,-0.1945485
2025,18.0,Sun,2026-01-04 13:00:00,W,TAM,Carolina Panthers,,23.439442,20.229254,20.173466,343.0787,232.48215,114.15737,1.686626,18.975073,322.07968,202.67947,110.376915,1.800622,1.4313593,1.7638766,-0.3333369
2025,18.0,Sun,2026-01-04 13:00:00,L,WAS,Philadelphia Eagles,@,22.031422,22.040731,19.636753,335.48773,217.82556,114.45144,1.7237529,20.079596,342.87805,225.73813,121.84296,1.645188,1.0914547,-1.784152,-0.008513501
